{"validation/loss": 5.69735050201416, "_runtime": 40, "_timestamp": 1672171983, "_step": 2, "validation/cer": 0.9912663698196411, "train/loss": 5.561983108520508}